Dataset,Train Samples,Test Samples,Train Engines,Test Engines,Avg Lifespan,Avg RUL,Conditions,Fault Modes
FD001,20631,13096,100,100,206.31,86.82928602588338,1,1
FD002,53759,33991,260,259,206.76538461538462,86.91335404304395,6,1
FD003,24720,16596,100,100,247.2,93.14320388349515,1,2
FD004,61249,41214,249,248,245.97991967871485,92.98519159496482,6,2
